original,mimetype,timestamp,endtimestamp,groupcount,uniqcount
https://www.epicentro.iss.it/coronavirus/bollettino/,warc/revisit,20200610010301,20200825052913,5,1
http://www.epicentro.iss.it/coronavirus/bollettino%20/Report-COVID-2019_20_marzo_eng.pdf,unk,20220617103946,20220617103946,1,1
http://www.epicentro.iss.it/coronavirus/bollettino-sorveglianza-integrata-COVID-19_8-settembre-2021.pdf,text/html,20211117225133,20211118074929,4,1
https://www.epicentro.iss.it/coronavirus/bollettino/assets/css/font-awesome.min.css,text/html,20220112161842,20220112161842,1,1
https://www.epicentro.iss.it/coronavirus/bollettino/assets/css/material-icons.css,text/html,20220112161839,20220112161839,1,1
https://www.epicentro.iss.it/coronavirus/bollettino/Bolletino-sorveglianza-integrata-COVID-19_09-marzo-2020_appendix.pdf,application/pdf,20200316144331,20220627042617,889,2
https://www.epicentro.iss.it/coronavirus/bollettino/Bolletino-sorveglianza-integrata-COVID-19_1-dicembre-2021_appendix.pdf,application/pdf,20211205083558,20220626041906,202,1
https://www.epicentro.iss.it/coronavirus/bollettino/Bolletino-sorveglianza-integrata-COVID-19_1-giugno-2021_appendix.pdf,application/pdf,20210607075223,20220627042638,385,1
https://www.epicentro.iss.it/coronavirus/bollettino/Bolletino-sorveglianza-integrata-COVID-19_1-settembre-2020_appendix.pdf,application/pdf,20200906163557,20220624041950,709,3
https://www.epicentro.iss.it/coronavirus/bollettino/Bolletino-sorveglianza-integrata-COVID-19_1-settembre-2021_appendix.pdf,application/pdf,20210905080300,20220628042354,299,1
https://www.epicentro.iss.it/coronavirus/bollettino/Bolletino-sorveglianza-integrata-COVID-19_10-febbraio-2021_appendix.pdf,application/pdf,20210214075014,20220608041602,527,2
https://www.epicentro.iss.it/coronavirus/bollettino/Bolletino-sorveglianza-integrata-COVID-19_10-marzo-2021_appendix.pdf,application/pdf,20210314083305,20220627042630,482,1
https://www.epicentro.iss.it/coronavirus/bollettino/Bolletino-sorveglianza-integrata-COVID-19_10-novembre-2021_appendix.pdf,application/pdf,20211114080710,20220624041920,223,1
https://www.epicentro.iss.it/coronavirus/bollettino/Bolletino-sorveglianza-integrata-COVID-19_11-agosto-2020_appendix.pdf,application/pdf,20200816072352,20220625041604,741,2
https://www.epicentro.iss.it/coronavirus/bollettino/Bolletino-sorveglianza-integrata-COVID-19_11-agosto-2020_appendix.pdf?fbclid=IwAR1DfUYO9sLqUkFZ-6Z5Vjo4Rp1FomJR8qJNiAsvCzrBpsP5CpS2I5-RzIo,application/pdf,20210226040345,20210226040345,1,1
https://www.epicentro.iss.it/coronavirus/bollettino/Bolletino-sorveglianza-integrata-COVID-19_11-agosto-2021_appendix.pdf,application/pdf,20210815081834,20220628042402,343,1
https://www.epicentro.iss.it/coronavirus/bollettino/Bolletino-sorveglianza-integrata-COVID-19_11-maggio-2022_appendix.pdf,application/pdf,20220514102017,20220621041948,18,1
https://www.epicentro.iss.it/coronavirus/bollettino/Bolletino-sorveglianza-integrata-COVID-19_11-novembre-2020_appendix.pdf,application/pdf,20201115173803,20220614042652,669,2
https://www.epicentro.iss.it/coronavirus/bollettino/Bolletino-sorveglianza-integrata-COVID-19_12-gennaio-2022_appendix.pdf,application/pdf,20220116053012,20220612041052,155,2
https://www.epicentro.iss.it/coronavirus/bollettino/Bolletino-sorveglianza-integrata-COVID-19_12-maggio-2021_appendix.pdf,application/pdf,20210516074116,20220627042628,423,1
https://www.epicentro.iss.it/coronavirus/bollettino/Bolletino-sorveglianza-integrata-COVID-19_12-marzo-2020_appendix.pdf,application/pdf,20200314180901,20220626041732,908,2
https://www.epicentro.iss.it/coronavirus/bollettino/Bolletino-sorveglianza-integrata-COVID-19_13-aprile-2022_appendix.pdf,application/pdf,20220416081337,20220628042422,50,2
https://www.epicentro.iss.it/coronavirus/bollettino/Bolletino-sorveglianza-integrata-COVID-19_13-gennaio-2021_appendix.pdf,application/pdf,20210116173712,20220616041631,578,2
https://www.epicentro.iss.it/coronavirus/bollettino/Bolletino-sorveglianza-integrata-COVID-19_13-ottobre-2020_appendix.pdf,application/pdf,20201018072033,20220628042432,687,2
https://www.epicentro.iss.it/coronavirus/bollettino/Bolletino-sorveglianza-integrata-COVID-19_13-ottobre-2021_appendix.pdf,application/pdf,20211017074620,20220628042450,267,1
https://www.epicentro.iss.it/coronavirus/bollettino/Bolletino-sorveglianza-integrata-COVID-19_14-aprile-2021_appendix.pdf,application/pdf,20210418074554,20220620041603,438,1
https://www.epicentro.iss.it/coronavirus/bollettino/Bolletino-sorveglianza-integrata-COVID-19_14-luglio-2020_appendix.pdf,application/pdf,20200718075621,20220625041525,766,2
https://www.epicentro.iss.it/coronavirus/bollettino/Bolletino-sorveglianza-integrata-COVID-19_14-luglio-2021_appendix.pdf,application/pdf,20210718083653,20220628042338,357,3
https://www.epicentro.iss.it/coronavirus/bollettino/Bolletino-sorveglianza-integrata-COVID-19_14-maggio-2020_appendix.pdf,warc/revisit,20200515220554,20220426185957,645,4
https://www.epicentro.iss.it/coronavirus/bollettino/Bolletino-sorveglianza-integrata-COVID-19_15-dicembre-2021_appendix.pdf,application/pdf,20211219074343,20220621041947,187,1
https://www.epicentro.iss.it/coronavirus/bollettino/Bolletino-sorveglianza-integrata-COVID-19_15-giugno-2022_appendix.pdf,application/pdf,20220618111458,20220625034638,23,2
https://www.epicentro.iss.it/coronavirus/bollettino/Bolletino-sorveglianza-integrata-COVID-19_15-settembre-2020_appendix.pdf,application/pdf,20200919164804,20220621041925,707,2
https://www.epicentro.iss.it/coronavirus/bollettino/Bolletino-sorveglianza-integrata-COVID-19_15-settembre-2021_appendix.pdf,application/pdf,20210919121131,20220613042110,283,1
https://www.epicentro.iss.it/coronavirus/bollettino/Bolletino-sorveglianza-integrata-COVID-19_16-aprile-2020_appendix.pdf,application/pdf,20200417125319,20220627042725,870,3
https://www.epicentro.iss.it/coronavirus/bollettino/Bolletino-sorveglianza-integrata-COVID-19_16-dicembre-2020_appendix.pdf,application/pdf,20201220074835,20220620041653,575,1
https://www.epicentro.iss.it/coronavirus/bollettino/Bolletino-sorveglianza-integrata-COVID-19_16-febbraio-2022_appendix.pdf,application/pdf,20220219201215,20220617042358,101,2
https://www.epicentro.iss.it/coronavirus/bollettino/Bolletino-sorveglianza-integrata-COVID-19_16-giugno-2020_appendix.pdf,application/pdf,20200620163539,20220613042052,810,2
https://www.epicentro.iss.it/coronavirus/bollettino/Bolletino-sorveglianza-integrata-COVID-19_16-giugno-2021_appendix.pdf,application/pdf,20210620074721,20220622041837,383,1
https://www.epicentro.iss.it/coronavirus/bollettino/Bolletino-sorveglianza-integrata-COVID-19_16-marzo-2022_appendix.pdf,application/pdf,20220320081935,20220603041008,56,2
https://www.epicentro.iss.it/coronavirus/bollettino/Bolletino-sorveglianza-integrata-COVID-19_17-febbraio-2021_appendix.pdf,application/pdf,20210221074845,20220627042606,503,2
https://www.epicentro.iss.it/coronavirus/bollettino/Bolletino-sorveglianza-integrata-COVID-19_17-marzo-2021_appendix.pdf,application/pdf,20210321082213,20220624041838,468,1
https://www.epicentro.iss.it/coronavirus/bollettino/Bolletino-sorveglianza-integrata-COVID-19_17-novembre-2021_appendix.pdf,application/pdf,20211121081822,20220628042426,224,1
https://www.epicentro.iss.it/coronavirus/bollettino/Bolletino-sorveglianza-integrata-COVID-19_18-agosto-2020_appendix.pdf,application/pdf,20200822163618,20220625041520,167,1
https://www.epicentro.iss.it/coronavirus/bollettino/Bolletino-sorveglianza-integrata-COVID-19_18-agosto-2021_appendix.pdf,application/pdf,20210821090337,20220606041634,308,1
https://www.epicentro.iss.it/coronavirus/bollettino/Bolletino-sorveglianza-integrata-COVID-19_18-maggio-2022_appendix.pdf,application/pdf,20220521090356,20220627042610,23,2
https://www.epicentro.iss.it/coronavirus/bollettino/Bolletino-sorveglianza-integrata-COVID-19_18-novembre-2020_appendix.pdf,application/pdf,20201123051224,20220619041610,646,2
https://www.epicentro.iss.it/coronavirus/bollettino/Bolletino-sorveglianza-integrata-COVID-19_19-gennaio-2022_appendix.pdf,application/pdf,20220123054421,20220625041502,150,2
https://www.epicentro.iss.it/coronavirus/bollettino/Bolletino-sorveglianza-integrata-COVID-19_19-maggio-2021_appendix.pdf,application/pdf,20210527235245,20220626041934,408,1
https://www.epicentro.iss.it/coronavirus/bollettino/Bolletino-sorveglianza-integrata-COVID-19_19-marzo-2020_appendix.pdf,application/pdf,20200322064525,20220627042806,887,2
https://www.epicentro.iss.it/coronavirus/bollettino/Bolletino-sorveglianza-integrata-COVID-19_2-aprile-2020_appendix.pdf,application/pdf,20200403163545,20220622041757,884,3
https://www.epicentro.iss.it/coronavirus/bollettino/Bolletino-sorveglianza-integrata-COVID-19_2-dicembre-2020_appendix.pdf,application/pdf,20201205173600,20220625041510,662,1
https://www.epicentro.iss.it/coronavirus/bollettino/Bolletino-sorveglianza-integrata-COVID-19_2-febbraio-2022_appendix.pdf,application/pdf,20220206052745,20220616041821,123,2
https://www.epicentro.iss.it/coronavirus/bollettino/Bolletino-sorveglianza-integrata-COVID-19_2-marzo-2022_appendix.pdf,application/pdf,20220306053733,20220613042006,82,2
https://www.epicentro.iss.it/coronavirus/bollettino/Bolletino-sorveglianza-integrata-COVID-19_20-aprile-2022_appendix.pdf,application/pdf,20220423091817,20220612041154,32,2
https://www.epicentro.iss.it/coronavirus/bollettino/Bolletino-sorveglianza-integrata-COVID-19_20-gennaio-2021_appendix.pdf,application/pdf,20210124054724,20220626041906,556,2
https://www.epicentro.iss.it/coronavirus/bollettino/Bolletino-sorveglianza-integrata-COVID-19_20-maggio-2020_appendix.pdf,application/pdf,20200523163552,20220619041626,794,2
https://www.epicentro.iss.it/coronavirus/bollettino/Bolletino-sorveglianza-integrata-COVID-19_20-ottobre-2020_appendix.pdf,application/pdf,20201024163632,20220628042356,682,2
https://www.epicentro.iss.it/coronavirus/bollettino/Bolletino-sorveglianza-integrata-COVID-19_20-ottobre-2021_appendix.pdf,application/pdf,20211024075911,20220624041904,231,1
https://www.epicentro.iss.it/coronavirus/bollettino/Bolletino-sorveglianza-integrata-COVID-19_21-aprile-2021_appendix.pdf,application/pdf,20210425075840,20220617041504,444,1
https://www.epicentro.iss.it/coronavirus/bollettino/Bolletino-sorveglianza-integrata-COVID-19_21-dicembre-2021_appendix.pdf,application/pdf,20211225053556,20220619041652,189,1
https://www.epicentro.iss.it/coronavirus/bollettino/Bolletino-sorveglianza-integrata-COVID-19_21-luglio-2020_appendix.pdf,application/pdf,20200725163557,20220627042603,766,2
https://www.epicentro.iss.it/coronavirus/bollettino/Bolletino-sorveglianza-integrata-COVID-19_21-luglio-2021_appendix.pdf,application/pdf,20210724091803,20220626041927,347,1
https://www.epicentro.iss.it/coronavirus/bollettino/Bolletino-sorveglianza-integrata-COVID-19_22-dicembre-2020_appendix.pdf,application/pdf,20201225073714,20220624041841,614,1
https://www.epicentro.iss.it/coronavirus/bollettino/Bolletino-sorveglianza-integrata-COVID-19_22-giugno-2022_appendix.pdf,application/pdf,20220625070442,20220628061737,9,2
https://www.epicentro.iss.it/coronavirus/bollettino/Bolletino-sorveglianza-integrata-COVID-19_22-settembre-2020_appendix.pdf,application/pdf,20200927073832,20220622041829,697,2
https://www.epicentro.iss.it/coronavirus/bollettino/Bolletino-sorveglianza-integrata-COVID-19_22-settembre-2021_appendix.pdf,application/pdf,20210926080603,20220628042340,283,1
https://www.epicentro.iss.it/coronavirus/bollettino/Bolletino-sorveglianza-integrata-COVID-19_23-aprile-2020_appendix.pdf,application/pdf,20200424151842,20220627042726,842,3
https://www.epicentro.iss.it/coronavirus/bollettino/Bolletino-sorveglianza-integrata-COVID-19_23-febbraio-2022_appendix.pdf,application/pdf,20220227052838,20220622041828,104,2
https://www.epicentro.iss.it/coronavirus/bollettino/Bolletino-sorveglianza-integrata-COVID-19_23-giugno-2020_appendix.pdf,application/pdf,20200627163636,20220624041940,793,2
https://www.epicentro.iss.it/coronavirus/bollettino/Bolletino-sorveglianza-integrata-COVID-19_23-giugno-2021_appendix.pdf,application/pdf,20210627075814,20220625041627,364,1
https://www.epicentro.iss.it/coronavirus/bollettino/Bolletino-sorveglianza-integrata-COVID-19_23-marzo-2020_appendix.pdf,application/pdf,20200324200107,20220624041856,885,2
https://www.epicentro.iss.it/coronavirus/bollettino/Bolletino-sorveglianza-integrata-COVID-19_23-marzo-2022_appendix.pdf,application/pdf,20220327052840,20220628042416,60,2
https://www.epicentro.iss.it/coronavirus/bollettino/Bolletino-sorveglianza-integrata-COVID-19_24-febbraio-2021_appendix.pdf,application/pdf,20210228082400,20220614042628,497,2
https://www.epicentro.iss.it/coronavirus/bollettino/Bolletino-sorveglianza-integrata-COVID-19_24-marzo-2021_appendix.pdf,application/pdf,20210328080135,20220617042303,451,1
https://www.epicentro.iss.it/coronavirus/bollettino/Bolletino-sorveglianza-integrata-COVID-19_24-novembre-2021_appendix.pdf,application/pdf,20211127084046,20220621042012,213,1
https://www.epicentro.iss.it/coronavirus/bollettino/Bolletino-sorveglianza-integrata-COVID-19_25-agosto-2020_appendix.pdf,application/pdf,20200829163551,20220624041932,754,2
https://www.epicentro.iss.it/coronavirus/bollettino/Bolletino-sorveglianza-integrata-COVID-19_25-agosto-2021_appendix.pdf,application/pdf,20210829080423,20220621041937,315,1
https://www.epicentro.iss.it/coronavirus/bollettino/Bolletino-sorveglianza-integrata-COVID-19_25-maggio-2022_appendix.pdf,application/pdf,20220529030728,20220628042404,19,1
https://www.epicentro.iss.it/coronavirus/bollettino/Bolletino-sorveglianza-integrata-COVID-19_25-novembre-2020_appendix.pdf,application/pdf,20201129072114,20220628042352,643,1
https://www.epicentro.iss.it/coronavirus/bollettino/Bolletino-sorveglianza-integrata-COVID-19_26-gennaio-2022_appendix.pdf,application/pdf,20220130052342,20220627042810,139,2
https://www.epicentro.iss.it/coronavirus/bollettino/Bolletino-sorveglianza-integrata-COVID-19_26-maggio-2020_appendix.pdf,application/pdf,20200530163551,20220626041806,792,2
https://www.epicentro.iss.it/coronavirus/bollettino/Bolletino-sorveglianza-integrata-COVID-19_26-maggio-2021_appendix.pdf,application/pdf,20210530080531,20220628042424,407,1
https://www.epicentro.iss.it/coronavirus/bollettino/Bolletino-sorveglianza-integrata-COVID-19_26-marzo-2020_appendix.pdf,application/pdf,20200327173832,20220626041740,890,2
https://www.epicentro.iss.it/coronavirus/bollettino/Bolletino-sorveglianza-integrata-COVID-19_27-aprile-2022_appendix.pdf,application/pdf,20220430070358,20220627042750,30,1
https://www.epicentro.iss.it/coronavirus/bollettino/Bolletino-sorveglianza-integrata-COVID-19_27-gennaio-2021_appendix.pdf,application/pdf,20210131052122,20220624041905,543,2
https://www.epicentro.iss.it/coronavirus/bollettino/Bolletino-sorveglianza-integrata-COVID-19_27-ottobre-2020_appendix.pdf,application/pdf,20201031173639,20220619041558,686,2
https://www.epicentro.iss.it/coronavirus/bollettino/Bolletino-sorveglianza-integrata-COVID-19_27-ottobre-2021_appendix.pdf,application/pdf,20211031081141,20220627042758,238,1
https://www.epicentro.iss.it/coronavirus/bollettino/Bolletino-sorveglianza-integrata-COVID-19_28-aprile-2020_appendix.pdf,application/pdf,20200430163552,20220628042316,835,3
https://www.epicentro.iss.it/coronavirus/bollettino/Bolletino-sorveglianza-integrata-COVID-19_28-aprile-2021_appendix.pdf,application/pdf,20210502074041,20220624041839,434,2
https://www.epicentro.iss.it/coronavirus/bollettino/Bolletino-sorveglianza-integrata-COVID-19_28-dicembre-2021_appendix.pdf,application/pdf,20220102052321,20220617041536,171,1
https://www.epicentro.iss.it/coronavirus/bollettino/Bolletino-sorveglianza-integrata-COVID-19_28-luglio-2020_appendix.pdf,application/pdf,20200803190352,20220628042434,770,2
https://www.epicentro.iss.it/coronavirus/bollettino/Bolletino-sorveglianza-integrata-COVID-19_28-luglio-2021_appendix.pdf,application/pdf,20210801081512,20220619041656,335,1
https://www.epicentro.iss.it/coronavirus/bollettino/Bolletino-sorveglianza-integrata-COVID-19_29-dicembre-2020_appendix.pdf,application/pdf,20210101073059,20220627042624,603,1
https://www.epicentro.iss.it/coronavirus/bollettino/Bolletino-sorveglianza-integrata-COVID-19_29-settembre-2020_appendix.pdf,application/pdf,20201003083831,20220628042436,696,2
https://www.epicentro.iss.it/coronavirus/bollettino/Bolletino-sorveglianza-integrata-COVID-19_29-settembre-2021_appendix.pdf,application/pdf,20211003075201,20220626041748,276,1
https://www.epicentro.iss.it/coronavirus/bollettino/Bolletino-sorveglianza-integrata-COVID-19_3-febbraio-2021_appendix.pdf,application/pdf,20210207051329,20220628042406,540,2
https://www.epicentro.iss.it/coronavirus/bollettino/Bolletino-sorveglianza-integrata-COVID-19_3-giugno-2020_appendix.pdf,application/pdf,20200606234558,20220627042636,803,2
https://www.epicentro.iss.it/coronavirus/bollettino/Bolletino-sorveglianza-integrata-COVID-19_3-marzo-2021_appendix.pdf,application/pdf,20210307080734,20220626041939,485,1
https://www.epicentro.iss.it/coronavirus/bollettino/Bolletino-sorveglianza-integrata-COVID-19_3-novembre-2021_appendix.pdf,application/pdf,20211106220812,20220624041900,240,1
https://www.epicentro.iss.it/coronavirus/bollettino/Bolletino-sorveglianza-integrata-COVID-19_30-giugno-2020_appendix.pdf,application/pdf,20200704173843,20220607041349,790,2
https://www.epicentro.iss.it/coronavirus/bollettino/Bolletino-sorveglianza-integrata-COVID-19_30-giugno-2021_appendix.pdf,application/pdf,20210704085654,20220627042738,362,1
https://www.epicentro.iss.it/coronavirus/bollettino/Bolletino-sorveglianza-integrata-COVID-19_30-marzo-2020_appendix.pdf,application/pdf,20200331163628,20220625041515,909,3
https://www.epicentro.iss.it/coronavirus/bollettino/Bolletino-sorveglianza-integrata-COVID-19_30-marzo-2022_appendix.pdf,application/pdf,20220402093450,20220621041918,55,2
https://www.epicentro.iss.it/coronavirus/bollettino/Bolletino-sorveglianza-integrata-COVID-19_31-maggio-2022_appendix.pdf,application/pdf,20220604220853,20220625041603,11,1
https://www.epicentro.iss.it/coronavirus/bollettino/Bolletino-sorveglianza-integrata-COVID-19_31-marzo-2021_appendix.pdf,application/pdf,20210404082046,20220625041613,447,1
https://www.epicentro.iss.it/coronavirus/bollettino/Bolletino-sorveglianza-integrata-COVID-19_4-agosto-2020_appendix.pdf,application/pdf,20200809020101,20220626041852,763,2
https://www.epicentro.iss.it/coronavirus/bollettino/Bolletino-sorveglianza-integrata-COVID-19_4-agosto-2021_appendix.pdf,application/pdf,20210807075659,20220617041503,329,1
https://www.epicentro.iss.it/coronavirus/bollettino/Bolletino-sorveglianza-integrata-COVID-19_4-maggio-2022_appendix.pdf,application/pdf,20220507074937,20220628042421,28,1
https://www.epicentro.iss.it/coronavirus/bollettino/Bolletino-sorveglianza-integrata-COVID-19_5-gennaio-2021_appendix.pdf,application/pdf,20210109173649,20220617041551,582,2
https://www.epicentro.iss.it/coronavirus/bollettino/Bolletino-sorveglianza-integrata-COVID-19_5-gennaio-2022_appendix.pdf,application/pdf,20220109053353,20220626041753,168,2
https://www.epicentro.iss.it/coronavirus/bollettino/Bolletino-sorveglianza-integrata-COVID-19_5-maggio-2021_appendix.pdf,application/pdf,20210509081431,20220627042604,423,1
https://www.epicentro.iss.it/coronavirus/bollettino/Bolletino-sorveglianza-integrata-COVID-19_6-aprile-2020_appendix.pdf,application/pdf,20200407163544,20220625041604,882,3
https://www.epicentro.iss.it/coronavirus/bollettino/Bolletino-sorveglianza-integrata-COVID-19_6-aprile-2022_appendix.pdf,application/pdf,20220409094657,20220627042752,44,2
https://www.epicentro.iss.it/coronavirus/bollettino/Bolletino-sorveglianza-integrata-COVID-19_6-ottobre-2020_appendix.pdf,application/pdf,20201010163758,20220626041718,691,2
https://www.epicentro.iss.it/coronavirus/bollettino/Bolletino-sorveglianza-integrata-COVID-19_6-ottobre-2021_appendix.pdf,application/pdf,20211009081701,20220621041921,264,1
https://www.epicentro.iss.it/coronavirus/bollettino/Bolletino-sorveglianza-integrata-COVID-19_7-aprile-2021_appendix.pdf,application/pdf,20210410082849,20220627042626,456,1
https://www.epicentro.iss.it/coronavirus/bollettino/Bolletino-sorveglianza-integrata-COVID-19_7-dicembre-2021_appendix.pdf,application/pdf,20211213034422,20220626041740,206,1
https://www.epicentro.iss.it/coronavirus/bollettino/Bolletino-sorveglianza-integrata-COVID-19_7-luglio-2020_appendix.pdf,application/pdf,20200713163611,20220628042324,777,2
https://www.epicentro.iss.it/coronavirus/bollettino/Bolletino-sorveglianza-integrata-COVID-19_7-luglio-2021_appendix.pdf,application/pdf,20210711075517,20220628042430,363,1
https://www.epicentro.iss.it/coronavirus/bollettino/Bolletino-sorveglianza-integrata-COVID-19_7-maggio-2020_appendix.pdf,application/pdf,20200508183021,20220620041631,822,2
https://www.epicentro.iss.it/coronavirus/bollettino/Bolletino-sorveglianza-integrata-COVID-19_7-novembre-2020_appendix.pdf,application/pdf,20201111173803,20220627042710,664,2
https://www.epicentro.iss.it/coronavirus/bollettino/Bolletino-sorveglianza-integrata-COVID-19_8-giugno-2022_appendix.pdf,application/pdf,20220611072156,20220628042442,18,1
https://www.epicentro.iss.it/coronavirus/bollettino/Bolletino-sorveglianza-integrata-COVID-19_8-settembre-2020_appendix.pdf,application/pdf,20200912083325,20220627042758,711,2
https://www.epicentro.iss.it/coronavirus/bollettino/Bolletino-sorveglianza-integrata-COVID-19_8-settembre-2021_appendix.pdf,application/pdf,20210912075310,20220627042743,290,1
https://www.epicentro.iss.it/coronavirus/bollettino/Bolletino-sorveglianza-integrata-COVID-19_9-aprile-2020_appendix.pdf,application/pdf,20200410163552,20220624041819,862,3
https://www.epicentro.iss.it/coronavirus/bollettino/Bolletino-sorveglianza-integrata-COVID-19_9-dicembre-2020_appendix.pdf,application/pdf,20201212173650,20220627042616,618,2
https://www.epicentro.iss.it/coronavirus/bollettino/Bolletino-sorveglianza-integrata-COVID-19_9-febbraio-2022_appendix.pdf,application/pdf,20220213053405,20220627042843,125,2
https://www.epicentro.iss.it/coronavirus/bollettino/Bolletino-sorveglianza-integrata-COVID-19_9-giugno-2020_appendix.pdf,application/pdf,20200613163537,20220624041908,778,2
https://www.epicentro.iss.it/coronavirus/bollettino/Bolletino-sorveglianza-integrata-COVID-19_9-giugno-2021_appendix.pdf,application/pdf,20210612080149,20220627042901,379,1
https://www.epicentro.iss.it/coronavirus/bollettino/Bolletino-sorveglianza-integrata-COVID-19_9-marzo-2022_appendix.pdf,application/pdf,20220313053333,20220601043450,74,2
https://www.epicentro.iss.it/coronavirus/bollettino/Bolletino-sorveglianza-integrataCOVID-19_26-marzo-2020_appendix.pdf%3E,text/html,20200707205302,20200707205302,1,1
https://www.epicentro.iss.it/coronavirus/bollettino/Bollettino%20sorveglianza%20integrata%20COVID-19_16%20marzo%202020.pdf,application/pdf,20200318164016,20220628042328,213,5
https://www.epicentro.iss.it/coronavirus/bollettino/Bollettino%20sorveglianza%20integrata%20COVID-19_19-marzo%202020.pdf,application/pdf,20200320211934,20220625041502,935,3
https://www.epicentro.iss.it/coronavirus/bollettino/Bollettino%20sorveglianza%20integrata%20COVID-19_19-marzo%202020.pdf?utm_campaign=Invisible%20Women&utm_medium=email&utm_source=Revue%20newsletter,application/pdf,20200416075603,20201203045237,4,2
https://www.epicentro.iss.it/coronavirus/bollettino/Bollettino-,text/html,20220523152525,20220523152525,1,1
https://www.epicentro.iss.it/coronavirus/bollettino/Bollettino-sorveglianza-,text/html,20220401073822,20220507121009,3,2
https://www.epicentro.iss.it/coronavirus/bollettino/Bollettino-sorveglianza-integrata-,text/html,20220507121009,20220507121009,1,1
https://www.epicentro.iss.it/coronavirus/bollettino/Bollettino-sorveglianza-integrata-COVID-,text/html,20220513120715,20220513120715,1,1
https://www.epicentro.iss.it/coronavirus/bollettino/Bollettino-sorveglianza-integrata-COVID-19.pdf,text/html,20210517170922,20210517170922,1,1
https://www.epicentro.iss.it/coronavirus/bollettino/Bollettino-sorveglianza-integrata-COVID-19%5C_10-novembre-2021.pdf,text/html,20211216180207,20211216180207,1,1
https://www.epicentro.iss.it/coronavirus/bollettino/Bollettino-sorveglianza-integrata-COVID-19_09-marzo-2020.pdf,application/pdf,20200313060654,20220628042410,929,3
https://www.epicentro.iss.it/coronavirus/bollettino/Bollettino-sorveglianza-integrata-COVID-19_1-dicembre-2021.pdf,application/pdf,20211204164005,20220618041047,199,3
https://www.epicentro.iss.it/coronavirus/bollettino/Bollettino-sorveglianza-integrata-COVID-19_1-giugno-2021.pdf,application/pdf,20210607075215,20220627042657,397,2
https://www.epicentro.iss.it/coronavirus/bollettino/Bollettino-sorveglianza-integrata-COVID-19_1-settembre-2020.pdf,application/pdf,20200906163555,20220624041836,748,2
https://www.epicentro.iss.it/coronavirus/bollettino/Bollettino-sorveglianza-integrata-COVID-19_1-settembre-2021.pdf,application/pdf,20210905080235,20220624041920,304,2
https://www.epicentro.iss.it/coronavirus/bollettino/Bollettino-sorveglianza-integrata-COVID-19_10-febbraio-2021.pdf,application/pdf,20210214074958,20220611040848,528,3
https://www.epicentro.iss.it/coronavirus/bollettino/Bollettino-sorveglianza-integrata-COVID-19_10-marzo-2021.pdf,application/pdf,20210314083252,20220619041640,476,3
https://www.epicentro.iss.it/coronavirus/bollettino/Bollettino-sorveglianza-integrata-COVID-19_10-novembre-2021.pdf,application/pdf,20211113095429,20220611040850,238,2
https://www.epicentro.iss.it/coronavirus/bollettino/Bollettino-sorveglianza-integrata-COVID-19_10-novembre-2021.pdf?fbclid=IwAR2hWDthW_imLPyR2CrNjWlf1WSkNxonmSq-P7MYp6fVxLo8OK3eoHyETeo,application/pdf,20211117221112,20211117221112,1,1
https://www.epicentro.iss.it/coronavirus/bollettino/Bollettino-sorveglianza-integrata-COVID-19_11-agosto-2020.pdf,application/pdf,20200816072342,20220626041724,772,2
https://www.epicentro.iss.it/coronavirus/bollettino/Bollettino-sorveglianza-integrata-COVID-19_11-agosto-2020.pdf?fbclid=IwAR0gsTloaFwbkM4w6wJ7I6FhZZz0VB-SWtmR0muTzzmPdTOBqMteDzjBV0w,application/pdf,20201102183404,20201102183404,1,1
https://www.epicentro.iss.it/coronavirus/bollettino/Bollettino-sorveglianza-integrata-COVID-19_11-agosto-2021.pdf,application/pdf,20210815081806,20220628042318,331,2
https://www.epicentro.iss.it/coronavirus/bollettino/Bollettino-sorveglianza-integrata-COVID-19_11-maggio-2022.pdf,application/pdf,20220514102133,20220622041846,19,2
https://www.epicentro.iss.it/coronavirus/bollettino/Bollettino-sorveglianza-integrata-COVID-19_11-novembre-2020.pdf,warc/revisit,20201115173717,20220617041545,678,1
https://www.epicentro.iss.it/coronavirus/bollettino/Bollettino-sorveglianza-integrata-COVID-19_11-novembre-2020.pdf?utm_content=bufferf74cf&utm_medium=social&utm_source=twitter.com&utm_campaign=buffer,application/pdf,20201119013512,20201119013512,1,1
https://www.epicentro.iss.it/coronavirus/bollettino/Bollettino-sorveglianza-integrata-COVID-19_12-gennaio-2022.pdf,application/pdf,20220115100212,20220626041742,174,6
https://www.epicentro.iss.it/coronavirus/bollettino/Bollettino-sorveglianza-integrata-COVID-19_12-gennaio-2022.pdf),text/html,20220513120716,20220513120716,1,1
https://www.epicentro.iss.it/coronavirus/bollettino/Bollettino-sorveglianza-integrata-COVID-19_12-maggio-2021.pdf,application/pdf,20210515184607,20220627042700,412,1
https://www.epicentro.iss.it/coronavirus/bollettino/Bollettino-sorveglianza-integrata-COVID-19_12-marzo-2020.pdf,application/pdf,20200314180850,20220628042429,972,5
https://www.epicentro.iss.it/coronavirus/bollettino/Bollettino-sorveglianza-integrata-COVID-19_13-aprile-2022.pdf,application/pdf,20220416081158,20220627042644,40,1
https://www.epicentro.iss.it/coronavirus/bollettino/Bollettino-sorveglianza-integrata-COVID-19_13-gennaio-2021.pdf,application/pdf,20210116173748,20220628042326,583,3
https://www.epicentro.iss.it/coronavirus/bollettino/Bollettino-sorveglianza-integrata-COVID-19_13-ottobre-2020.pdf,application/pdf,20201018072025,20220628042438,717,2
https://www.epicentro.iss.it/coronavirus/bollettino/Bollettino-sorveglianza-integrata-COVID-19_13-ottobre-2020.pdf?fbclid=IwAR131Z2qr6SHpSA0EzslRyQyqg63blvlTbEDqgOTd7D94oCUeoinuAWezqw,application/pdf,20201101193353,20201101193353,1,1
https://www.epicentro.iss.it/coronavirus/bollettino/Bollettino-sorveglianza-integrata-COVID-19_13-ottobre-2020.pdf?fbclid=IwAR2P9rL75X_o5GnLsCBMy3kibkWODOSvB4iVIQ-SavoEksXE8581xUulSl8,application/pdf,20210627214633,20210627214633,1,1
https://www.epicentro.iss.it/coronavirus/bollettino/Bollettino-sorveglianza-integrata-COVID-19_13-ottobre-2020.pdf?fbclid=IwAR3SCEDHRog-JF9G1wP9WRNvOOQFWkbxfN2WjLt215j1Y-2h8V6BvlQe5L4,application/pdf,20201202224353,20201202224353,1,1
https://www.epicentro.iss.it/coronavirus/bollettino/Bollettino-sorveglianza-integrata-COVID-19_13-ottobre-2020.pdf?utm_content=buffer77f8a&utm_medium=social&utm_source=twitter.com&utm_campaign=buffer,application/pdf,20201103172456,20201104180348,2,1
https://www.epicentro.iss.it/coronavirus/bollettino/Bollettino-sorveglianza-integrata-COVID-19_13-ottobre-2020.pdfhttps://www.epicentro.iss.it/coronavirus/bollettino/Bollettino-sorveglianza-integrata-COVID-19_13-ottobre-2020.pdf,text/html,20201103140847,20201103140847,1,1
https://www.epicentro.iss.it/coronavirus/bollettino/Bollettino-sorveglianza-integrata-COVID-19_13-ottobre-2021.pdf,application/pdf,20211016125621,20220627042807,265,2
https://www.epicentro.iss.it/coronavirus/bollettino/Bollettino-sorveglianza-integrata-COVID-19_13-ottobre2020.pdf,text/html,20220309034218,20220309034218,1,1
https://www.epicentro.iss.it/coronavirus/bollettino/Bollettino-sorveglianza-integrata-COVID-19_14-aprile-2021.pdf,application/pdf,20210417212623,20220626041952,456,3
https://www.epicentro.iss.it/coronavirus/bollettino/Bollettino-sorveglianza-integrata-COVID-19_14-luglio-2020.pdf,application/pdf,20200718075610,20220621042003,791,1
https://www.epicentro.iss.it/coronavirus/bollettino/Bollettino-sorveglianza-integrata-COVID-19_14-luglio-2020.pdf?fbclid=IwAR1mmmBOAGJk_a0i6pfWV85NTaHmzKLlQ6MCjDdZ5Y3Suw104r4Fr9fVc3o,application/pdf,20200927051354,20200927051354,1,1
https://www.epicentro.iss.it/coronavirus/bollettino/Bollettino-sorveglianza-integrata-COVID-19_14-luglio-2021.pdf,application/pdf,20210717143719,20220618041130,370,4
https://www.epicentro.iss.it/coronavirus/bollettino/Bollettino-sorveglianza-integrata-COVID-19_14-maggio-2020.pdf,warc/revisit,20200515220257,20220426185616,658,6
https://www.epicentro.iss.it/coronavirus/bollettino/Bollettino-sorveglianza-integrata-COVID-19_14-maggio-2020.pdf%20,text/html,20201119043416,20201119043416,1,1
https://www.epicentro.iss.it/coronavirus/bollettino/Bollettino-sorveglianza-integrata-COVID-19_14maggio-2020.pdf,text/html,20200706224343,20200706224343,1,1
https://www.epicentro.iss.it/coronavirus/bollettino/Bollettino-sorveglianza-integrata-COVID-19_15-dicembre-2021.pd,text/html,20220407184918,20220407184918,1,1
https://www.epicentro.iss.it/coronavirus/bollettino/Bollettino-sorveglianza-integrata-COVID-19_15-dicembre-2021.pdf,application/pdf,20211218113051,20220626041920,194,3
https://www.epicentro.iss.it/coronavirus/bollettino/Bollettino-sorveglianza-integrata-COVID-19_15-dicembre-2021.pdf?fbclid=IwAR2d4iHqp3ovFnx_1TZz3gU8227Mx65CWxsaBHhLohzrr15aweA_RhkGjFk,application/pdf,20211226204731,20211226204731,1,1
https://www.epicentro.iss.it/coronavirus/bollettino/Bollettino-sorveglianza-integrata-COVID-19_15-giugno-2022.pdf,application/pdf,20220618111505,20220628042332,26,2
https://www.epicentro.iss.it/coronavirus/bollettino/Bollettino-sorveglianza-integrata-COVID-19_15-settembre-2020.pdf,application/pdf,20200919164756,20220622041854,714,1
https://www.epicentro.iss.it/coronavirus/bollettino/Bollettino-sorveglianza-integrata-COVID-19_15-settembre-2021.pdf,application/pdf,20210918192242,20220627042633,300,4
https://www.epicentro.iss.it/coronavirus/bollettino/Bollettino-sorveglianza-integrata-COVID-19_16-aprile-2020.pdf,application/pdf,20200417125211,20220626041752,939,9
https://www.epicentro.iss.it/coronavirus/bollettino/Bollettino-sorveglianza-integrata-COVID-19_16-aprile-2020.pdf%EF%BB%BF,text/html,20210623182035,20210623182035,2,1
https://www.epicentro.iss.it/coronavirus/bollettino/Bollettino-sorveglianza-integrata-COVID-19_16-aprile-2020.pdf?fbclid=IwAR1nARrYnKPF1yMaBkhqiCBQeMcEHlZjvtaaIlu661n8Ma0mfkt4Pus7wLA,application/pdf,20200703090521,20200703090521,1,1
https://www.epicentro.iss.it/coronavirus/bollettino/Bollettino-sorveglianza-integrata-COVID-19_16-dicembre-2020.pdf,application/pdf,20201220074826,20220625041544,631,1
https://www.epicentro.iss.it/coronavirus/bollettino/Bollettino-sorveglianza-integrata-COVID-19_16-febbraio-2022.pdf,application/pdf,20220219083643,20220622041709,110,1
https://www.epicentro.iss.it/coronavirus/bollettino/Bollettino-sorveglianza-integrata-COVID-19_16-giugno-2020.pdf,application/pdf,20200620163541,20220613042025,794,1
https://www.epicentro.iss.it/coronavirus/bollettino/Bollettino-sorveglianza-integrata-COVID-19_16-giugno-2021.pdf,application/pdf,20210620074714,20220627042710,384,3
https://www.epicentro.iss.it/coronavirus/bollettino/Bollettino-sorveglianza-integrata-COVID-19_16-marzo,text/html,20200812145752,20200812145752,1,1
https://www.epicentro.iss.it/coronavirus/bollettino/Bollettino-sorveglianza-integrata-COVID-19_16-marzo-2022.pdf,application/pdf,20220320081909,20220627042614,72,1
https://www.epicentro.iss.it/coronavirus/bollettino/Bollettino-sorveglianza-integrata-COVID-19_17-febbraio-2021.pdf,application/pdf,20210221051247,20220627042833,519,3
https://www.epicentro.iss.it/coronavirus/bollettino/Bollettino-sorveglianza-integrata-COVID-19_17-marzo-2021.pdf,application/pdf,20210321082158,20220624041918,490,3
https://www.epicentro.iss.it/coronavirus/bollettino/Bollettino-sorveglianza-integrata-COVID-19_17-novembre-2021.pdf,application/pdf,20211120143338,20220627042747,237,6
https://www.epicentro.iss.it/coronavirus/bollettino/Bollettino-sorveglianza-integrata-COVID-19_17-novembre-2021.pdf?fbclid=IwAR1Q1wvjMfbkHi8DdVRuq8XC52XqLrKuUKIXn_I8YBFkXqY-EJsN8rp2emM,application/pdf,20220210074450,20220210080651,3,1
https://www.epicentro.iss.it/coronavirus/bollettino/Bollettino-sorveglianza-integrata-COVID-19_18-agosto-2020.pdf,application/pdf,20200822163616,20220617041510,179,1
https://www.epicentro.iss.it/coronavirus/bollettino/Bollettino-sorveglianza-integrata-COVID-19_18-agosto-2020.pdf?fbclid=IwAR2jUwmU0tfdPaHSWGNoQdNOhvziLzpAZEoDfX-kQSSI89EGc3BkILwuOWU,application/pdf,20201203050005,20201203050005,1,1
https://www.epicentro.iss.it/coronavirus/bollettino/Bollettino-sorveglianza-integrata-COVID-19_18-agosto-2020.pdf?utm_content=bufferd7fa0&utm_medium=social&utm_source=twitter.com&utm_campaign=buffer,application/pdf,20200825062653,20201024010934,2,1
https://www.epicentro.iss.it/coronavirus/bollettino/Bollettino-sorveglianza-integrata-COVID-19_18-agosto-2021.pdf,application/pdf,20210821090116,20220628042400,330,2
https://www.epicentro.iss.it/coronavirus/bollettino/Bollettino-sorveglianza-integrata-COVID-19_18-maggio-2022.pdf,application/pdf,20220521090355,20220627232834,23,1
https://www.epicentro.iss.it/coronavirus/bollettino/Bollettino-sorveglianza-integrata-COVID-19_18-novembre-2020.pdf,application/pdf,20201123051125,20220628042348,657,1
https://www.epicentro.iss.it/coronavirus/bollettino/Bollettino-sorveglianza-integrata-COVID-19_19-gennaio-2022.pdf,application/pdf,20220122091451,20220626041932,153,2
https://www.epicentro.iss.it/coronavirus/bollettino/Bollettino-sorveglianza-integrata-COVID-19_19-maggio-2021.pdf,application/pdf,20210522085429,20220624041946,407,2
https://www.epicentro.iss.it/coronavirus/bollettino/Bollettino-sorveglianza-integrata-COVID-19_2-aprile-2020.pdf,application/pdf,20200403163545,20220620041725,896,2
https://www.epicentro.iss.it/coronavirus/bollettino/Bollettino-sorveglianza-integrata-COVID-19_2-dicembre-2020.pdf,application/pdf,20201205173628,20220628042343,664,1
https://www.epicentro.iss.it/coronavirus/bollettino/Bollettino-sorveglianza-integrata-COVID-19_2-febbraio-2022.pdf,application/pdf,20220205090646,20220628042440,134,1
https://www.epicentro.iss.it/coronavirus/bollettino/Bollettino-sorveglianza-integrata-COVID-19_2-marzo-2022.pdf,application/pdf,20220305094510,20220626041643,85,2
https://www.epicentro.iss.it/coronavirus/bollettino/Bollettino-sorveglianza-integrata-COVID-19_20-aprile-2022.pdf,application/pdf,20220423091716,20220626041948,32,2
https://www.epicentro.iss.it/coronavirus/bollettino/Bollettino-sorveglianza-integrata-COVID-19_20-gennaio-2021.pdf,application/pdf,20210124054714,20220622051659,562,2
https://www.epicentro.iss.it/coronavirus/bollettino/Bollettino-sorveglianza-integrata-COVID-19_20-maggio-2020.pdf,application/pdf,20200524163546,20220626041719,801,3
https://www.epicentro.iss.it/coronavirus/bollettino/Bollettino-sorveglianza-integrata-COVID-19_20-ottobre-2020.pdf,application/pdf,20201024163614,20220625041515,707,1
https://www.epicentro.iss.it/coronavirus/bollettino/Bollettino-sorveglianza-integrata-COVID-19_20-ottobre-2021.pdf,application/pdf,20211024075849,20220624041935,240,2
https://www.epicentro.iss.it/coronavirus/bollettino/Bollettino-sorveglianza-integrata-COVID-19_21-aprile-2021.pdf,application/pdf,20210424104656,20220626041928,441,3
https://www.epicentro.iss.it/coronavirus/bollettino/Bollettino-sorveglianza-integrata-COVID-19_21-dicembre-2021.pdf,application/pdf,20211225053619,20220622041824,196,2
https://www.epicentro.iss.it/coronavirus/bollettino/Bollettino-sorveglianza-integrata-COVID-19_21-luglio-2020.pdf,application/pdf,20200725163614,20220628042344,797,1
https://www.epicentro.iss.it/coronavirus/bollettino/Bollettino-sorveglianza-integrata-COVID-19_21-luglio-2021.pdf,application/pdf,20210724091747,20220622041822,370,4
https://www.epicentro.iss.it/coronavirus/bollettino/Bollettino-sorveglianza-integrata-COVID-19_22-dicembre-2020.pdf,application/pdf,20201224173609,20220621041928,626,3
https://www.epicentro.iss.it/coronavirus/bollettino/Bollettino-sorveglianza-integrata-COVID-19_22-dicembre-2021.pdf%2A,text/html,20220101193801,20220101193801,1,1
https://www.epicentro.iss.it/coronavirus/bollettino/Bollettino-sorveglianza-integrata-COVID-19_22-giugno-2022.pdf,application/pdf,20220625070448,20220628061741,9,1
https://www.epicentro.iss.it/coronavirus/bollettino/Bollettino-sorveglianza-integrata-COVID-19_22-settembre-2020.pdf,application/pdf,20200927073823,20220622041803,705,1
https://www.epicentro.iss.it/coronavirus/bollettino/Bollettino-sorveglianza-integrata-COVID-19_22-settembre-2021.pdf,application/pdf,20210926080547,20220618042222,269,2
https://www.epicentro.iss.it/coronavirus/bollettino/Bollettino-sorveglianza-integrata-COVID-19_23-aprile-2020.pdf,application/pdf,20200424151730,20220626041920,878,6
http://www.epicentro.iss.it/coronavirus/bollettino/Bollettino-sorveglianza-integrata-COVID-19_23-aprile-2020.pdf.,unk,20220406153812,20220407075125,3,1
https://www.epicentro.iss.it/coronavirus/bollettino/Bollettino-sorveglianza-integrata-COVID-19_23-febbraio-2022.pdf,application/pdf,20220227085252,20220619041659,91,2
https://www.epicentro.iss.it/coronavirus/bollettino/Bollettino-sorveglianza-integrata-COVID-19_23-giugno-2020.pdf,application/pdf,20200627163639,20220627042644,804,1
https://www.epicentro.iss.it/coronavirus/bollettino/Bollettino-sorveglianza-integrata-COVID-19_23-giugno-2021.pdf,application/pdf,20210626094836,20220617041505,386,2
https://www.epicentro.iss.it/coronavirus/bollettino/Bollettino-sorveglianza-integrata-COVID-19_23-marzo,text/html,20200812145803,20220617142347,2,2
https://www.epicentro.iss.it/coronavirus/bollettino/Bollettino-sorveglianza-integrata-COVID-19_23-marzo%202020.pdf,application/pdf,20200324200057,20220625041552,946,5
https://www.epicentro.iss.it/coronavirus/bollettino/Bollettino-sorveglianza-integrata-COVID-19_23-marzo&hx0025;202020.pdf,text/html,20200824004806,20200824004806,1,1
http://www.epicentro.iss.it/coronavirus/bollettino/Bollettino-sorveglianza-integrata-COVID-19_23-marzo&percnt;202020.pdf,unk,20220617142438,20220617142438,1,1
https://www.epicentro.iss.it/coronavirus/bollettino/Bollettino-sorveglianza-integrata-COVID-19_23-marzo-2022.pdf,application/pdf,20220327052858,20220628042444,59,2
https://www.epicentro.iss.it/coronavirus/bollettino/Bollettino-sorveglianza-integrata-COVID-19_23-marzo2020.pdf,text/html,20200424022140,20200424022140,1,1
https://www.epicentro.iss.it/coronavirus/bollettino/Bollettino-sorveglianza-integrata-COVID-19_24-febbraio-2021.pdf,application/pdf,20210228082345,20220628042449,498,2
https://www.epicentro.iss.it/coronavirus/bollettino/Bollettino-sorveglianza-integrata-COVID-19_24-marzo-2021.pdf,application/pdf,20210327152703,20220628042414,475,2
https://www.epicentro.iss.it/coronavirus/bollettino/Bollettino-sorveglianza-integrata-COVID-19_24-novembre-2021.pdf,application/pdf,20211127084033,20220625041542,216,1
http://www.epicentro.iss.it/coronavirus/bollettino/Bollettino-sorveglianza-integrata-COVID-19_24-novembre-2021.pdf&ved=2ahUKEwiv79SopsP0AhW4_rsIHY3nDlwQFnoECAMQAQ&usg=AOvVaw0eCKTHrmJZgXrWQ9CQ0WiQ,unk,20220502162004,20220502162004,1,1
https://www.epicentro.iss.it/coronavirus/bollettino/Bollettino-sorveglianza-integrata-COVID-19_25-agosto-2020.pdf,application/pdf,20200829163549,20220628042322,758,1
https://www.epicentro.iss.it/coronavirus/bollettino/Bollettino-sorveglianza-integrata-COVID-19_25-agosto-2021.pdf,application/pdf,20210829080359,20220627042820,307,1
https://www.epicentro.iss.it/coronavirus/bollettino/Bollettino-sorveglianza-integrata-COVID-19_25-maggio-2022.pdf,application/pdf,20220528093552,20220610231957,15,2
https://www.epicentro.iss.it/coronavirus/bollettino/Bollettino-sorveglianza-integrata-COVID-19_25-novembre-2020.pdf,application/pdf,20201128150608,20220628042335,655,1
https://www.epicentro.iss.it/coronavirus/bollettino/Bollettino-sorveglianza-integrata-COVID-19_25-novembre-2020.pdf?fbclid=IwAR3Hyumm2Vhq7Y0ZfSBs_10zwiu_-AmKPdYUvYqXeDRpQyMKz5qj9DaB2zY,application/pdf,20201201223954,20201201223954,1,1
https://www.epicentro.iss.it/coronavirus/bollettino/Bollettino-sorveglianza-integrata-COVID-19_26-,text/html,20220408163344,20220408163344,1,1
https://www.epicentro.iss.it/coronavirus/bollettino/Bollettino-sorveglianza-integrata-COVID-19_26-gennaio-2022.pdf,application/pdf,20220129101551,20220626041937,143,2
https://www.epicentro.iss.it/coronavirus/bollettino/Bollettino-sorveglianza-integrata-COVID-19_26-maggio-2020.pdf,application/pdf,20200530163547,20220625041611,786,4
https://www.epicentro.iss.it/coronavirus/bollettino/Bollettino-sorveglianza-integrata-COVID-19_26-maggio-2021.pdf,application/pdf,20210530080504,20220614042714,401,2
https://www.epicentro.iss.it/coronavirus/bollettino/Bollettino-sorveglianza-integrata-COVID-19_26-marzo%202020.pdf,application/pdf,20200327173832,20220628042350,951,4
https://www.epicentro.iss.it/coronavirus/bollettino/Bollettino-sorveglianza-integrata-COVID-19_26-marzo%202020.pdf?fbclid=IwAR1x9GFa2FHuglOcuEoWkiyt417JW9OWnal3HDNXvgsCKcPjGYMTGuKR6qs,application/pdf,20201203050240,20201203050240,1,1
https://www.epicentro.iss.it/coronavirus/bollettino/Bollettino-sorveglianza-integrata-COVID-19_27-aprile-2022.pdf,application/pdf,20220430070347,20220619041622,28,1
https://www.epicentro.iss.it/coronavirus/bollettino/Bollettino-sorveglianza-integrata-COVID-19_27-gennaio-2021.pdf,application/pdf,20210131052157,20220622041705,544,2
https://www.epicentro.iss.it/coronavirus/bollettino/Bollettino-sorveglianza-integrata-COVID-19_27-ottobre-2020.pdf,application/pdf,20201031173636,20220628042446,699,1
https://www.epicentro.iss.it/coronavirus/bollettino/Bollettino-sorveglianza-integrata-COVID-19_27-ottobre-2021.pdf,application/pdf,20211030102613,20220625041501,234,1
https://www.epicentro.iss.it/coronavirus/bollettino/Bollettino-sorveglianza-integrata-COVID-19_28-,text/html,20220319024149,20220530075002,8,1
https://www.epicentro.iss.it/coronavirus/bollettino/Bollettino-sorveglianza-integrata-COVID-19_28-aprile-2020.pdf,application/pdf,20200430163553,20220618041142,877,15
https://www.epicentro.iss.it/coronavirus/bollettino/Bollettino-sorveglianza-integrata-Covid-19_28-aprile-2020.pdf),text/html,20220319024147,20220530075002,5,1
https://www.epicentro.iss.it/coronavirus/bollettino/Bollettino-sorveglianza-integrata-COVID-19_28-aprile-2020.pdf.https://www.epicentro.iss.it/coronavirus/bollettino/Bollettino-sorveglianza-integrata-COVID-19_28-aprile-2020.pdf,text/html,20200730191648,20200820082434,3,1
https://www.epicentro.iss.it/coronavirus/bollettino/Bollettino-sorveglianza-integrata-COVID-19_28-aprile-2021.pdf,application/pdf,20210501103301,20220614042720,427,3
https://www.epicentro.iss.it/coronavirus/bollettino/Bollettino-sorveglianza-integrata-COVID-19_28-aprile_2020.pdf,text/html,20200904151339,20211023043247,2,2
https://www.epicentro.iss.it/coronavirus/bollettino/Bollettino-sorveglianza-integrata-COVID-19_28-dicembre-2021.pdf,application/pdf,20220101113948,20220627042712,173,3
"https://www.epicentro.iss.it/coronavirus/bollettino/Bollettino-sorveglianza-integrata-COVID-19_28-dicembre-2021.pdf,",text/html,20220111042027,20220111042027,1,1
https://www.epicentro.iss.it/coronavirus/bollettino/Bollettino-sorveglianza-integrata-COVID-19_28-luglio-2020.pdf,application/pdf,20200803190344,20220616041914,766,1
https://www.epicentro.iss.it/coronavirus/bollettino/Bollettino-sorveglianza-integrata-COVID-19_28-luglio-2021.pdf,application/pdf,20210801081457,20220627042627,327,1
https://www.epicentro.iss.it/coronavirus/bollettino/Bollettino-sorveglianza-integrata-COVID-19_29-dicembre-2020.pdf,application/pdf,20210101052637,20220616041615,621,2
https://www.epicentro.iss.it/coronavirus/bollettino/Bollettino-sorveglianza-integrata-COVID-19_29-settembre-2020.pdf,application/pdf,20201003083824,20220628042408,709,1
https://www.epicentro.iss.it/coronavirus/bollettino/Bollettino-sorveglianza-integrata-COVID-19_29-settembre-2021.pdf,application/pdf,20211002101344,20220624041852,282,1
https://www.epicentro.iss.it/coronavirus/bollettino/Bollettino-sorveglianza-integrata-COVID-19_3-febbraio-2021.pdf,application/pdf,20210207051433,20220626041736,531,2
https://www.epicentro.iss.it/coronavirus/bollettino/Bollettino-sorveglianza-integrata-COVID-19_3-giugno-2020.pdf,application/pdf,20200606234611,20220624041921,824,2
https://www.epicentro.iss.it/coronavirus/bollettino/Bollettino-sorveglianza-integrata-COVID-19_3-marzo-2021.pdf,application/pdf,20210307080720,20220624041923,506,2
https://www.epicentro.iss.it/coronavirus/bollettino/Bollettino-sorveglianza-integrata-COVID-19_3-novembre-2021.pdf,application/pdf,20211106163739,20220625041537,248,2
https://www.epicentro.iss.it/coronavirus/bollettino/Bollettino-sorveglianza-integrata-COVID-19_30-giugno-2020.pdf,application/pdf,20200704163606,20220626041814,805,1
https://www.epicentro.iss.it/coronavirus/bollettino/Bollettino-sorveglianza-integrata-COVID-19_30-giugno-2021.pdf,application/pdf,20210704085640,20220626041659,381,2
https://www.epicentro.iss.it/coronavirus/bollettino/Bollettino-sorveglianza-integrata-COVID-19_30-marzo-2020.pdf,application/pdf,20200331163628,20220627042618,908,4
https://www.epicentro.iss.it/coronavirus/bollettino/Bollettino-sorveglianza-integrata-COVID-19_30-marzo-2022.pdf,application/pdf,20220402093411,20220625041508,61,3
https://www.epicentro.iss.it/coronavirus/bollettino/Bollettino-sorveglianza-integrata-COVID-19_31-maggio-2022.pdf,application/pdf,20220604213400,20220620041704,14,1
https://www.epicentro.iss.it/coronavirus/bollettino/Bollettino-sorveglianza-integrata-COVID-19_31-marzo-2021.pdf,application/pdf,20210404082030,20220609041404,456,2
https://www.epicentro.iss.it/coronavirus/bollettino/Bollettino-sorveglianza-integrata-COVID-19_4-agosto-2020.pdf,application/pdf,20200809020052,20220627042738,751,1
https://www.epicentro.iss.it/coronavirus/bollettino/Bollettino-sorveglianza-integrata-COVID-19_4-agosto-2021.pdf,application/pdf,20210807075643,20220625041512,344,2
https://www.epicentro.iss.it/coronavirus/bollettino/Bollettino-sorveglianza-integrata-COVID-19_4-maggio-2022.pdf,application/pdf,20220507074929,20220628042322,22,1
https://www.epicentro.iss.it/coronavirus/bollettino/Bollettino-sorveglianza-integrata-COVID-19_5-gennaio-2021.pdf,application/pdf,20210109173726,20220625041550,586,2
http://www.epicentro.iss.it/coronavirus/bollettino/Bollettino-sorveglianza-integrata-COVID-19_5-gennaio-2022.pdf,unk,20220108133541,20220627042713,187,3
https://www.epicentro.iss.it/coronavirus/bollettino/Bollettino-sorveglianza-integrata-COVID-19_5-gennaio-2022.pdf?fbclid=IwAR3fj4MAnhBYiNMkr7XCYgDesI4gXhFaGEAN2jo5HVyBU3yslg29QhnkWiM,application/pdf,20220112042247,20220112042247,1,1
https://www.epicentro.iss.it/coronavirus/bollettino/Bollettino-sorveglianza-integrata-COVID-19_5-maggio-2021.pdf,application/pdf,20210509081422,20220625041559,432,1
https://www.epicentro.iss.it/coronavirus/bollettino/Bollettino-sorveglianza-integrata-COVID-19_6-aprile-2020.pdf,application/pdf,20200407162922,20220622041841,879,2
https://www.epicentro.iss.it/coronavirus/bollettino/Bollettino-sorveglianza-integrata-COVID-19_6-aprile-2022.pdf,application/pdf,20220409094650,20220626041945,50,4
https://www.epicentro.iss.it/coronavirus/bollettino/Bollettino-sorveglianza-integrata-COVID-19_6-aprile2020.pdf,text/html,20200519011451,20200528132418,2,1
https://www.epicentro.iss.it/coronavirus/bollettino/Bollettino-sorveglianza-integrata-COVID-19_6-ottobre-2020.pdf,application/pdf,20201010163656,20220628042418,715,1
https://www.epicentro.iss.it/coronavirus/bollettino/Bollettino-sorveglianza-integrata-COVID-19_6-ottobre-2021.pdf,application/pdf,20211009071820,20220622041825,259,1
https://www.epicentro.iss.it/coronavirus/bollettino/Bollettino-sorveglianza-integrata-COVID-19_7-aprile-2021.pdf,application/pdf,20210410082838,20220625041506,451,2
https://www.epicentro.iss.it/coronavirus/bollettino/Bollettino-sorveglianza-integrata-COVID-19_7-dicembre-2021.pdf,application/pdf,20211213034414,20220618042222,218,3
https://www.epicentro.iss.it/coronavirus/bollettino/Bollettino-sorveglianza-integrata-COVID-19_7-luglio-2020.pdf,application/pdf,20200713163604,20220624041826,781,1
https://www.epicentro.iss.it/coronavirus/bollettino/Bollettino-sorveglianza-integrata-COVID-19_7-luglio-2021.pdf,application/pdf,20210711075505,20220621041907,362,2
https://www.epicentro.iss.it/coronavirus/bollettino/Bollettino-sorveglianza-integrata-COVID-19_7-maggio-2020.pdf,application/pdf,20200508182922,20220628042412,852,2
https://www.epicentro.iss.it/coronavirus/bollettino/Bollettino-sorveglianza-integrata-COVID-19_7-novembre-2020.pdf,application/pdf,20201111173722,20220618041028,669,1
https://www.epicentro.iss.it/coronavirus/bollettino/Bollettino-sorveglianza-integrata-COVID-19_8-giugno-2022.pdf,application/pdf,20220611072159,20220626041730,22,1
https://www.epicentro.iss.it/coronavirus/bollettino/Bollettino-sorveglianza-integrata-COVID-19_8-settembre-2020.pdf,application/pdf,20200912083300,20220628042330,733,3
https://www.epicentro.iss.it/coronavirus/bollettino/Bollettino-sorveglianza-integrata-COVID-19_8-settembre-2021.pdf,application/pdf,20210912075253,20220625041518,287,1
https://www.epicentro.iss.it/coronavirus/bollettino/Bollettino-sorveglianza-integrata-COVID-19_8-settembre-2021.pdf?fbclid=IwAR3ZBF9CxgYUtaDVi4FCx-_MlSQQdnKRXZfbbhevHQ61H8IVmnF1xKlKUJM,application/pdf,20210916095148,20210916095148,1,1
https://www.epicentro.iss.it/coronavirus/bollettino/Bollettino-sorveglianza-integrata-COVID-19_9-aprile-2020.pdf,application/pdf,20200410163552,20220628042336,881,5
https://www.epicentro.iss.it/coronavirus/bollettino/Bollettino-sorveglianza-integrata-COVID-19_9-aprile-2020.pdf5,text/html,20220305215250,20220305215250,1,1
https://www.epicentro.iss.it/coronavirus/bollettino/Bollettino-sorveglianza-integrata-COVID-19_9-dicembre-2020.pdf,application/pdf,20201212173636,20220628042346,653,2
https://www.epicentro.iss.it/coronavirus/bollettino/Bollettino-sorveglianza-integrata-COVID-19_9-febbraio-2022.pdf,application/pdf,20220213075424,20220618041054,121,1
https://www.epicentro.iss.it/coronavirus/bollettino/Bollettino-sorveglianza-integrata-COVID-19_9-giugno-2020%20appendix.pdf,text/html,20200618150813,20200618150813,1,1
https://www.epicentro.iss.it/coronavirus/bollettino/Bollettino-sorveglianza-integrata-COVID-19_9-giugno-2020.pdf,application/pdf,20200613163547,20220625041507,826,1
https://www.epicentro.iss.it/coronavirus/bollettino/Bollettino-sorveglianza-integrata-COVID-19_9-giugno-2021.pdf,application/pdf,20210612080139,20220626041719,381,1
https://www.epicentro.iss.it/coronavirus/bollettino/Bollettino-sorveglianza-integrata-COVID-19_9-marzo-2022.pdf,application/pdf,20220313053320,20220628042358,86,2
https://www.epicentro.iss.it/coronavirus/bollettino/Bollettino-sorveglianza-integrata-COVID-19_9aprile-2020.pdf,text/html,20200626075326,20200626075326,1,1
https://www.epicentro.iss.it/coronavirus/bollettino/Bollettino-sorveglianza-integrata-COVID19_21-dicembre-2021.pdf,text/html,20220111005210,20220125042642,2,2
https://www.epicentro.iss.it/coronavirus/bollettino/Bollettino-sorveglianzaintegrata-COVID-19_26-marzo%202020.pdf,text/html,20200626174050,20200626174050,1,1
https://www.epicentro.iss.it/coronavirus/bollettino/Bollettino-sorveglianzaintegrata-COVID19_19-gennaio-2022.pdf,text/html,20220621211350,20220621211350,1,1
https://www.epicentro.iss.it/coronavirus/bollettino/Bollettino-sorvisory-integrata-COVID-19_12-marzo-2020.pdf,text/html,20201030202727,20201030202727,1,1
https://www.epicentro.iss.it/coronavirus/bollettino/Bollettinosorveglianza-integrata-COVID-19_23-aprile-2020.pdf,text/html,20200726012017,20200908114015,2,1
https://www.epicentro.iss.it/coronavirus/bollettino/Bollettinosorveglianza-integrata-COVID-19_23-aprile-2020.pdf%29,text/html,20201212113428,20201212113428,1,1
https://www.epicentro.iss.it/coronavirus/bollettino/Bollettinosorveglianza-integrata-COVID-19_28-aprile-2020.pdf,text/html,20200909142040,20200909142040,1,1
https://www.epicentro.iss.it/coronavirus/bollettino/Bollettinosorveglianza-integrata-COVID-19_30-marzo-2020.pdf,text/html,20211020111109,20211020111109,1,1
https://www.epicentro.iss.it/coronavirus/bollettino/Bollettinosorveglianza-integrata-COVID-19_9-aprile-2020.pdf,text/html,20200908210700,20200908210700,1,1
https://www.epicentro.iss.it/coronavirus/bollettino/bs.affix,warc/revisit,20200316010309,20200516003154,3,2
https://www.epicentro.iss.it/coronavirus/bollettino/bs.alert,warc/revisit,20200316005242,20200516001745,5,2
https://www.epicentro.iss.it/coronavirus/bollettino/bs.button,warc/revisit,20200316005359,20200516001915,5,2
https://www.epicentro.iss.it/coronavirus/bollettino/bs.carousel,warc/revisit,20200316005512,20200516002047,5,2
https://www.epicentro.iss.it/coronavirus/bollettino/bs.collapse,warc/revisit,20200316005613,20200516002233,5,2
https://www.epicentro.iss.it/coronavirus/bollettino/bs.dropdown,warc/revisit,20200316005712,20200516002447,4,2
https://www.epicentro.iss.it/coronavirus/bollettino/bs.modal,warc/revisit,20200316005814,20200516002614,4,2
https://www.epicentro.iss.it/coronavirus/bollettino/bs.popover,warc/revisit,20200316005954,20200516002819,4,2
https://www.epicentro.iss.it/coronavirus/bollettino/bs.scrollspy,warc/revisit,20200316010059,20200516002947,3,2
https://www.epicentro.iss.it/coronavirus/bollettino/bs.tab,warc/revisit,20200316010200,20200516003052,3,2
https://www.epicentro.iss.it/coronavirus/bollettino/bs.tooltip,warc/revisit,20200316005909,20200516002736,4,2
https://www.epicentro.iss.it/coronavirus/bollettino/covid-19-infografica/_eng.pdf%5D(https://www.epicentro.iss.it/coronavirus/bollettino/covid-19-infografica_eng.pdf,text/html,20200330131026,20200330131026,1,1
https://www.epicentro.iss.it/coronavirus/bollettino/covid-19-infografica_eng.pdf,application/pdf,20200312030441,20220418225827,54,8
https://www.epicentro.iss.it/coronavirus/bollettino/covid-19-infografica_eng.pdf?fbclid=IwAR0nRdbHqdNj7uNX61BTrCmQmnNVS7mvNz0oWdf-UHOxHDyL0e2mVl9XzA,text/html,20201127131219,20201127131219,1,1
https://www.epicentro.iss.it/coronavirus/bollettino/covid-19-infografica_ita.pdf,application/pdf,20200314180814,20210610170556,11,4
https://www.epicentro.iss.it/coronavirus/bollettino/covid-19-infografica_ita2.pdf,text/html,20200314020934,20200326114137,2,1
https://www.epicentro.iss.it/coronavirus/bollettino/gtm.js,text/html,20200409124753,20200617044639,6,1
https://www.epicentro.iss.it/coronavirus/bollettino/gtm.start,warc/revisit,20200410052701,20200617044459,5,1
http://www.epicentro.iss.it/coronavirus/bollettino/Infogra%EF%AC%81c,unk,20220616020414,20220616020414,1,1
https://www.epicentro.iss.it/coronavirus/bollettino/Infografi,text/html,20220511044700,20220511044700,1,1
https://www.epicentro.iss.it/coronavirus/bollettino/Infografica_06giugno%20ITA.pdf,text/html,20200625214330,20200625214330,1,1
https://www.epicentro.iss.it/coronavirus/bollettino/Infografica_10aprile%20ITA.pdf,application/pdf,20200410202816,20220426123302,643,2
https://www.epicentro.iss.it/coronavirus/bollettino/Infografica_10giugno%20ITA.pdf,application/pdf,20200611163602,20220426121647,652,4
https://www.epicentro.iss.it/coronavirus/bollettino/Infografica_11aprile%20ITA.pdf,application/pdf,20200411182614,20220426123226,664,2
https://www.epicentro.iss.it/coronavirus/bollettino/Infografica_11maggio%20ITA.pdf,application/pdf,20200512034536,20220426122436,652,4
https://www.epicentro.iss.it/coronavirus/bollettino/Infografica_11marzo%20ITA.pdf,application/pdf,20200701164807,20220426124929,636,1
https://www.epicentro.iss.it/coronavirus/bollettino/Infografica_12aprile%20ITA.pdf,application/pdf,20200412163610,20220426123147,641,2
https://www.epicentro.iss.it/coronavirus/bollettino/Infografica_12marzo%20ITA.pdf,application/pdf,20200701164756,20220426124859,636,2
https://www.epicentro.iss.it/coronavirus/bollettino/Infografica_13aprile%20ITA.pdf,application/pdf,20200413163710,20220426123056,651,3
https://www.epicentro.iss.it/coronavirus/bollettino/Infografica_13aprile%20ITA.pdf?fbclid=IwAR0ENft7lLbET7oVqbGhiWRxKdaY3mopHFcJAs6wjFsrxtFYJOC9MW34TKw,application/pdf,20200529223440,20200529223440,1,1
https://www.epicentro.iss.it/coronavirus/bollettino/Infografica_13maggio%20ITA.pdf,application/pdf,20200514062633,20220426122402,645,2
https://www.epicentro.iss.it/coronavirus/bollettino/Infografica_13marzo%20ITA.pdf,application/pdf,20200701164740,20220426124829,637,2
https://www.epicentro.iss.it/coronavirus/bollettino/Infografica_14marzo%20ITA.pdf,application/pdf,20200316103713,20220426124752,637,2
https://www.epicentro.iss.it/coronavirus/bollettino/Infografica_14marzo_eng.pdf,application/pdf,20200315161535,20200316103726,2,1
https://www.epicentro.iss.it/coronavirus/bollettino/Infografica_15aprile%20ITA.pdf,application/pdf,20200415210751,20220616031717,644,3
https://www.epicentro.iss.it/coronavirus/bollettino/Infografica_15giugno%20ITA.pdf,application/pdf,20200616163602,20220426121600,642,2
https://www.epicentro.iss.it/coronavirus/bollettino/Infografica_15maggio%20ITA.pdf,application/pdf,20200516163540,20220426122157,647,6
https://www.epicentro.iss.it/coronavirus/bollettino/Infografica_15marzo%20ENG.pdf,application/pdf,20200317010923,20220624074518,8,4
https://www.epicentro.iss.it/coronavirus/bollettino/Infografica_15marzo%20ITA.pdf,application/pdf,20200316125340,20220426124719,646,4
https://www.epicentro.iss.it/coronavirus/bollettino/Infografica_16marzo%20ENG.pdf,application/pdf,20200317073030,20220407184858,4,4
https://www.epicentro.iss.it/coronavirus/bollettino/Infografica_16marzo%20ITA.pdf,application/pdf,20200316185228,20220426124644,643,3
https://www.epicentro.iss.it/coronavirus/bollettino/Infografica_17aprile%20ITA.pdf,application/pdf,20200417234051,20220426122950,649,2
https://www.epicentro.iss.it/coronavirus/bollettino/Infografica_17marzo%20ENG.pdf,application/pdf,20200317201003,20220407184913,50,2
https://www.epicentro.iss.it/coronavirus/bollettino/Infografica_17marzo%20ITA.pdf,application/pdf,20200321191354,20220426124613,647,2
https://www.epicentro.iss.it/coronavirus/bollettino/Infografica_18maggio%20ITA.pdf,application/pdf,20200518233240,20220426122121,647,3
https://www.epicentro.iss.it/coronavirus/bollettino/Infografica_18marzo%20ENG.pdf,application/pdf,20200319074003,20220407185144,12,2
https://www.epicentro.iss.it/coronavirus/bollettino/Infografica_18marzo%20ITA.pdf,application/pdf,20200319200004,20220426124548,686,2
https://www.epicentro.iss.it/coronavirus/bollettino/Infografica_19giugno%20ITA.pdf,application/pdf,20200620163540,20220426121527,643,3
https://www.epicentro.iss.it/coronavirus/bollettino/Infografica_19marzo%20ENG.pdf,application/pdf,20200323192421,20220407185318,21,2
https://www.epicentro.iss.it/coronavirus/bollettino/Infografica_19marzo%20ITA.pdf,application/pdf,20200320174914,20220426124510,642,2
https://www.epicentro.iss.it/coronavirus/bollettino/Infografica_1aprile%20ENG.pdf,application/pdf,20200401210249,20201128200837,6,2
https://www.epicentro.iss.it/coronavirus/bollettino/Infografica_1aprile%20ITA.pdf,application/pdf,20200401210239,20220426123805,649,1
https://www.epicentro.iss.it/coronavirus/bollettino/Infografica_1giugno%20ITA.pdf,application/pdf,20200603163545,20220426121840,638,3
https://www.epicentro.iss.it/coronavirus/bollettino/Infografica_1maggio%20ITA.pdf,application/pdf,20200501174237,20220426122644,659,4
https://www.epicentro.iss.it/coronavirus/bollettino/Infografica_20aprile%20ITA.pdf,application/pdf,20200420184316,20220426122919,647,3
https://www.epicentro.iss.it/coronavirus/bollettino/Infografica_20marzo%20ENG.pdf,application/pdf,20200321115032,20220419150754,9,4
https://www.epicentro.iss.it/coronavirus/bollettino/Infografica_20marzo%20ITA.pdf,application/pdf,20200322065342,20220426124430,753,3
https://www.epicentro.iss.it/coronavirus/bollettino/Infografica_20marzo%20ITA.pdf?fbclid=IwAR07MvEX-R7np5TpVy76BU5rye4wWXX35utVXwjfKHZ8EM-VyCy2lspxKNU,application/pdf,20210422161204,20210422161204,1,1
https://www.epicentro.iss.it/coronavirus/bollettino/Infografica_21marzo%20ENG.pdf,application/pdf,20200322064454,20220426071413,9,2
https://www.epicentro.iss.it/coronavirus/bollettino/Infografica_21marzo%20ITA.pdf,application/pdf,20200322064414,20220426124404,644,3
https://www.epicentro.iss.it/coronavirus/bollettino/Infografica_22aprile%20ITA.pdf,application/pdf,20200422221225,20220426122858,645,3
https://www.epicentro.iss.it/coronavirus/bollettino/Infografica_22giugno%20ITA.pdf,application/pdf,20200623163556,20220426121448,642,3
https://www.epicentro.iss.it/coronavirus/bollettino/Infografica_22maggio%20ITA.pdf,application/pdf,20200523153027,20220426122045,645,3
https://www.epicentro.iss.it/coronavirus/bollettino/Infografica_22marzo%20ENG.pdf,application/pdf,20200323064621,20220512235630,18,3
https://www.epicentro.iss.it/coronavirus/bollettino/Infografica_22marzo%20ITA.pdf,application/pdf,20200323064610,20220426124328,658,4
https://www.epicentro.iss.it/coronavirus/bollettino/Infografica_23marzo%20ENG.pdf,application/pdf,20200323190705,20220407184955,10,2
https://www.epicentro.iss.it/coronavirus/bollettino/Infografica_23marzo%20ITA.pdf,application/pdf,20200323190654,20220426124255,641,2
https://www.epicentro.iss.it/coronavirus/bollettino/Infografica_24aprile%20ITA.pdf,application/pdf,20200425014620,20220426122835,650,3
http://www.epicentro.iss.it/coronavirus/bollettino/Infografica_24marzo,unk,20220617142347,20220617142347,1,1
https://www.epicentro.iss.it/coronavirus/bollettino/Infografica_24marzo%20ENG.pdf,application/pdf,20200324200040,20220407184905,8,3
https://www.epicentro.iss.it/coronavirus/bollettino/Infografica_24marzo%20ITA.pdf,application/pdf,20200324200028,20220426124151,754,5
http://www.epicentro.iss.it/coronavirus/bollettino/Infografica_24marzo&percnt;20ITA.pdf,unk,20220617142403,20220617142403,1,1
https://www.epicentro.iss.it/coronavirus/bollettino/Infografica_25maggio%20ITA.pdf,application/pdf,20200526163544,20220426122012,638,3
https://www.epicentro.iss.it/coronavirus/bollettino/Infografica_25marzo%20ENG.pdf,application/pdf,20200325184352,20220407185301,19,2
https://www.epicentro.iss.it/coronavirus/bollettino/Infografica_25marzo%20ITA.pdf,application/pdf,20200325184339,20220426124122,640,2
https://www.epicentro.iss.it/coronavirus/bollettino/Infografica_26marzo%2520ENG.pdf,text/html,20200326183204,20220407184827,33,2
https://www.epicentro.iss.it/coronavirus/bollettino/Infografica_26marzo%20ITA.pdf,application/pdf,20200326191949,20220426124054,642,3
http://www.epicentro.iss.it/coronavirus/bollettino/Infografica_26marzo%25%2020ITA.pdf,unk,20220127164716,20220127164716,1,1
https://www.epicentro.iss.it/coronavirus/bollettino/Infografica_26marzoITA.pdf,text/html,20210207070607,20210207070607,1,1
https://www.epicentro.iss.it/coronavirus/bollettino/Infografica_27aprile%20ITA.pdf,application/pdf,20200427183113,20220426122759,643,3
https://www.epicentro.iss.it/coronavirus/bollettino/Infografica_27maggio%20ITA.pdf,application/pdf,20200528163545,20220426121941,640,2
https://www.epicentro.iss.it/coronavirus/bollettino/Infografica_27marzo%20ENG.pdf,application/pdf,20200327201226,20220407190514,13,2
https://www.epicentro.iss.it/coronavirus/bollettino/Infografica_27marzo%20ITA.pdf,application/pdf,20200327201215,20220426124024,644,3
https://www.epicentro.iss.it/coronavirus/bollettino/Infografica_28marzo%20ENG.pdf,application/pdf,20200328183711,20220407190532,11,2
https://www.epicentro.iss.it/coronavirus/bollettino/Infografica_28marzo%20ITA.pdf,application/pdf,20200328183646,20220426123952,642,3
https://www.epicentro.iss.it/coronavirus/bollettino/Infografica_29aprile,text/html,20200519051819,20200528013218,3,1
https://www.epicentro.iss.it/coronavirus/bollettino/Infografica_29aprile%20ITA.pdf,application/pdf,20200429202257,20220426122716,648,3
https://www.epicentro.iss.it/coronavirus/bollettino/Infografica_29maggio%20ITA.pdf,application/pdf,20200530163543,20220426121906,651,3
https://www.epicentro.iss.it/coronavirus/bollettino/Infografica_29maggio_ITA.pdf,text/html,20210117091336,20210305102001,2,2
https://www.epicentro.iss.it/coronavirus/bollettino/Infografica_29marzo%20ENG.pdf,application/pdf,20200329182753,20220407185101,7,3
https://www.epicentro.iss.it/coronavirus/bollettino/Infografica_29marzo%20ITA.pdf,application/pdf,20200329182732,20220426123920,641,2
https://www.epicentro.iss.it/coronavirus/bollettino/Infografica_2aprile%20ENG.pdf,application/pdf,20200402163541,20220407185418,50,2
https://www.epicentro.iss.it/coronavirus/bollettino/Infografica_2aprile%20ITA.pdf,application/pdf,20200402211415,20220426123734,645,3
https://www.epicentro.iss.it/coronavirus/bollettino/Infografica_30marzo%20ENG.pdf,application/pdf,20200330163538,20220407185050,8,1
https://www.epicentro.iss.it/coronavirus/bollettino/Infografica_30marzo%20ITA.pdf,application/pdf,20200330163538,20220426123856,643,2
https://www.epicentro.iss.it/coronavirus/bollettino/Infografica_30marzo%20ITA.pdf?fbclid=IwAR2gfqq_RwNIdIwDZXzp9JaZ2kq2XfaEv_dmfh0E0NxVn6s0UBTWj-ROXxM,application/pdf,20200404070025,20200404070025,1,1
https://www.epicentro.iss.it/coronavirus/bollettino/Infografica_31maggio%20ITA.pdf,text/html,20200905003119,20200905003119,1,1
https://www.epicentro.iss.it/coronavirus/bollettino/Infografica_31marzo%20ENG.pdf,application/pdf,20200331163628,20211211134821,7,2
https://www.epicentro.iss.it/coronavirus/bollettino/Infografica_31marzo%20ITA.pdf,application/pdf,20200331163627,20220426123830,645,3
https://www.epicentro.iss.it/coronavirus/bollettino/Infografica_3aprile%20ITA.pdf,application/pdf,20200403201830,20220426123703,726,3
https://www.epicentro.iss.it/coronavirus/bollettino/Infografica_3giugno%20ITA.pdf,application/pdf,20200604163601,20220426121810,660,5
https://www.epicentro.iss.it/coronavirus/bollettino/Infografica_4aprile%20ITA.pdf,application/pdf,20200404182739,20220426123628,723,3
https://www.epicentro.iss.it/coronavirus/bollettino/Infografica_4maggio%20ITA.pdf,application/pdf,20200504205513,20220426122618,646,2
https://www.epicentro.iss.it/coronavirus/bollettino/Infografica_5aprile%20ITA.pdf,application/pdf,20200405163544,20220426123601,643,2
https://www.epicentro.iss.it/coronavirus/bollettino/Infografica_6aprile%20ITA.pdf,application/pdf,20200406163554,20220426123512,641,3
https://www.epicentro.iss.it/coronavirus/bollettino/Infografica_6aprileITA.pdf,text/html,20200904164124,20200904164124,1,1
https://www.epicentro.iss.it/coronavirus/bollettino/Infografica_6maggio%20ITA.pdf,application/pdf,20200506184352,20220426122552,646,3
https://www.epicentro.iss.it/coronavirus/bollettino/Infografica_7aprile%20ITA.pdf,application/pdf,20200407163544,20220426123441,740,5
https://www.epicentro.iss.it/coronavirus/bollettino/Infografica_8aprile%20ITA.pdf,application/pdf,20200408163617,20220426123413,644,1
https://www.epicentro.iss.it/coronavirus/bollettino/Infografica_8giugno%20ITA.pdf,application/pdf,20200609163608,20220426121728,639,2
https://www.epicentro.iss.it/coronavirus/bollettino/Infografica_8giugno%20ITA.pdf%20,text/html,20201118221614,20201118221614,1,1
https://www.epicentro.iss.it/coronavirus/bollettino/Infografica_8maggio%20ITA,text/html,20200804143010,20200804143010,1,1
https://www.epicentro.iss.it/coronavirus/bollettino/Infografica_8maggio%20ITA.pdf,application/pdf,20200508182849,20220426122510,650,3
https://www.epicentro.iss.it/coronavirus/bollettino/Infografica_9aprile%20ITA.pdf,application/pdf,20200409185619,20220426123335,645,3
https://www.epicentro.iss.it/coronavirus/bollettino/Infografica_decessi_COVID-19_2020-03-20.pdf,application/pdf,20200321215533,20200404013006,11,1
https://www.epicentro.iss.it/coronavirus/bollettino/nota-metodologica-sorveglianza-COVID-19.pdf,application/pdf,20200314180837,20220405075130,275,2
https://www.epicentro.iss.it/coronavirus/bollettino/Popover%20requires%20tooltip.js,warc/revisit,20200316010029,20200516002907,4,2
https://www.epicentro.iss.it/coronavirus/bollettino/Report-COVID%E2%80%932019_30_marzo_eng.pdf,text/html,20210623182308,20210623182308,2,1
https://www.epicentro.iss.it/coronavirus/bollettino/Report-COVID-%202019_20_marzo_eng.pdf,text/html,20200505131348,20200505131348,1,1
https://www.epicentro.iss.it/coronavirus/bollettino/Report-COVID-19_30_marzo_eng.pdf,text/html,20200610050247,20200610050247,1,1
https://www.epicentro.iss.it/coronavirus/bollettino/Report-COVID-19_marzo_eng.pdf,text/html,20200909030520,20200909030520,1,1
https://www.epicentro.iss.it/coronavirus/bollettino/Report-COVID-2019%2017%20marzo-v2.pdf,text/html,20200712050435,20200712050435,1,1
https://www.epicentro.iss.it/coronavirus/bollettino/Report-COVID-201917marzo-v2.pdf,text/html,20200905113418,20200905113418,1,1
https://www.epicentro.iss.it/coronavirus/bollettino/Report-COVID-2019_10_gennaio_2022.pdf,application/pdf,20220127074856,20220530074842,96,1
https://www.epicentro.iss.it/coronavirus/bollettino/Report-COVID-2019_11_giugno.pdf,application/pdf,20200616163557,20220407184948,10,1
https://www.epicentro.iss.it/coronavirus/bollettino/Report-COVID-2019_11_novembre.pdf,application/pdf,20201113173622,20201203045924,22,1
https://www.epicentro.iss.it/coronavirus/bollettino/Report-COVID-2019_13_aprile.pdf,application/pdf,20200414191944,20201203041506,10,1
https://www.epicentro.iss.it/coronavirus/bollettino/Report-COVID-2019_13_marzo.pdf,application/pdf,20200316144128,20220426193255,755,4
https://www.epicentro.iss.it/coronavirus/bollettino/Report-COVID-2019_13_mazro.pdf,application/pdf,20200314151009,20201015032313,15,3
https://www.epicentro.iss.it/coronavirus/bollettino/Report-COVID-2019_14_maggio.pdf,application/pdf,20200515163544,20200927030143,18,2
https://www.epicentro.iss.it/coronavirus/bollettino/Report-COVID-2019_16_aprile.pdf,application/pdf,20200417125508,20220622212654,19,1
https://www.epicentro.iss.it/coronavirus/bollettino/Report-COVID-2019_16_dicembre.pdf,application/pdf,20201223162029,20211028173140,80,1
https://www.epicentro.iss.it/coronavirus/bollettino/Report-COVID-2019_16_dicembre.pdfhttps://www.epicentro.iss.it/coronavirus/bollettino/Report-COVID-2019_16_dicembre.pdf,text/html,20211021122804,20211021122804,1,1
https://www.epicentro.iss.it/coronavirus/bollettino/Report-COVID-2019_17_marzo-v2.pdf,application/pdf,20200318170848,20220503040906,553,3
http://www.epicentro.iss.it/coronavirus/bollettino/Report-COVID-2019_17_marzo-v2.pdf%C2%A0,text/html,20211022115547,20211022144757,3,1
https://www.epicentro.iss.it/coronavirus/bollettino/Report-COVID-2019_17_marzo-v2.pdf?fbclid=IwAR0bgClKqvjlmTeKRa7Dr_zTx4fmxWyZqGnwlnwH5wHHAGsrbfXFRQB9Qo8,application/pdf,20210619084136,20220328005331,4,1
https://www.epicentro.iss.it/coronavirus/bollettino/Report-COVID-2019_17_marzo-v2.pdf?fbclid=IwAR1dAHDNAtifZe3f9Xx_dfw3Sd0BSppqUxc0Z5oxJsVMsf8NFbDxs6NvJi8,application/pdf,20200408070829,20200408070829,1,1
https://www.epicentro.iss.it/coronavirus/bollettino/Report-COVID-2019_17_marzo-v2.pdf?fbclid=IwAR1no-rxuTzDRXPlcb1kkBLmBbWKlpxFuCa9ZnDZuG6ZPmS3UwoO3hNMeog,application/pdf,20200405211023,20210419085902,5,1
https://www.epicentro.iss.it/coronavirus/bollettino/Report-COVID-2019_17_marzo-v2.pdf?fbclid=IwAR2BCa4a1wihCnt2g7hmd0lDyIoPsull5MOeqG5RuhXvXwqOm6ocr2jG18c,application/pdf,20201024124452,20201024124452,1,1
https://www.epicentro.iss.it/coronavirus/bollettino/Report-COVID-2019_17_marzo-v2.pdf?fbclid=IwAR2Zu2pObw-RVx5hdB64e-lJi5qiwP2uzxGW56rkMxt4sR6T3e8rthZNSEA,application/pdf,20200627111308,20200627111308,1,1
https://www.epicentro.iss.it/coronavirus/bollettino/Report-COVID-2019_17_marzo.pdf,application/pdf,20200327094706,20210604214810,9,2
https://www.epicentro.iss.it/coronavirus/bollettino/Report-COVID-2019_17_marzov2.pdf,text/html,20210516222601,20220310045302,2,2
https://www.epicentro.iss.it/coronavirus/bollettino/Report-COVID-2019_18_giugno.pdf,application/pdf,20200619182552,20200927215018,9,1
https://www.epicentro.iss.it/coronavirus/bollettino/Report-COVID-2019_18_novembre.pdf,application/pdf,20201120173729,20201230180846,21,1
https://www.epicentro.iss.it/coronavirus/bollettino/Report-COVID-2019_1_marzo_2021.pdf,application/pdf,20210306081911,20210401073629,28,2
https://www.epicentro.iss.it/coronavirus/bollettino/Report-COVID-2019_20_aprile.pdf,application/pdf,20200421163548,20200925003306,16,1
https://www.epicentro.iss.it/coronavirus/bollettino/Report-COVID-2019_20_marzo.pdf,application/pdf,20200320224146,20220426193212,779,3
https://www.epicentro.iss.it/coronavirus/bollettino/Report-COVID-2019_20_marzo.pdf?fbclid=IwAR2-Tl9Tt4MTPaAo2rkyfwf0hda8cTEATXARWemUXgwjCZbd27MyXWQIfns,application/pdf,20200403020553,20200403020553,1,1
https://www.epicentro.iss.it/coronavirus/bollettino/Report-COVID-2019_20_marzo.pdf?fbclid=IwAR3xsG9evKjm8UindwFgD-3u98mDY5CbLkZpJuKBdeJJub-832sNE6tsKaM,application/pdf,20201028011014,20211223001833,8,1
https://www.epicentro.iss.it/coronavirus/bollettino/Report-COVID-2019_20_marzo_eng.pdf,application/pdf,20200321094556,20220616135405,220,4
https://www.epicentro.iss.it/coronavirus/bollettino/Report-COVID-2019_20_marzo_eng.pdf?fbclid=IwAR33hxnenr6cic7TlVeibi0VyMSc-SPhSRJoM0Fy0lc-HNFUcigQ-kCYiV4,application/pdf,20210303061511,20210820232320,2,1
https://www.epicentro.iss.it/coronavirus/bollettino/Report-COVID-2019_20_marzo_eng.pdf?fbclid=IwAR3rKQYV5mYCmpDTfiUPZQXwckcotkcxIzBzAS5ifPjc8cCO_5p0Ozu-JOY,application/pdf,20210517155039,20210517155039,1,1
https://www.epicentro.iss.it/coronavirus/bollettino/Report-COVID-2019_21_luglio_2021.pdf,application/pdf,20210728080352,20211020083108,87,3
https://www.epicentro.iss.it/coronavirus/bollettino/Report-COVID-2019_21_maggio.pdf,application/pdf,20200523163552,20211125201114,12,1
https://www.epicentro.iss.it/coronavirus/bollettino/Report-COVID-2019_21_maggio.pdf?fbclid=IwAR0q-9o_3gT_KVwD306X7WGszE9YbLryM4P0rU,application/pdf,20201003012807,20201003012807,1,1
https://www.epicentro.iss.it/coronavirus/bollettino/Report-COVID-2019_21_maggio.pdf?fbclid=IwAR0q-9o_3gT_KVwD306X7WGszE9YbLryM4P0rU5cuj4siGcUDXtI39_rbl0,application/pdf,20200527202245,20210809083916,12,1
https://www.epicentro.iss.it/coronavirus/bollettino/Report-COVID-2019_22_luglio.pdf,application/pdf,20200723163813,20211027200529,114,1
https://www.epicentro.iss.it/coronavirus/bollettino/Report-COVID-2019_22_luglio.pdf?fbclid=IwAR3dq3WInE69jj5dG5pgAHJbpVtoLr8qWBpvHA4AznsjCwO_Op-tjKBjZLU,application/pdf,20201101140931,20201101140931,1,1
https://www.epicentro.iss.it/coronavirus/bollettino/Report-COVID-2019_22_ottobre.pdf,application/pdf,20201024163606,20220103193056,22,1
https://www.epicentro.iss.it/coronavirus/bollettino/Report-COVID-2019_23_aprile.pdf,application/pdf,20200424152109,20220530074956,693,1
https://www.epicentro.iss.it/coronavirus/bollettino/Report-COVID-2019_24,text/html,20210619092111,20210619092111,2,1
https://www.epicentro.iss.it/coronavirus/bollettino/Report-COVID-2019_24_marzo.pdf,application/pdf,20200326192106,20200331140506,3,1
https://www.epicentro.iss.it/coronavirus/bollettino/Report-COVID-2019_24_marzo_eng.pdf,application/pdf,20200326192110,20220421143212,30,2
https://www.epicentro.iss.it/coronavirus/bollettino/Report-COVID-2019_24_marzo_eng.pdf?fbclid=IwAR0bbtCvsmuevIPk327S_lEc5togpp4Gh8tT3_UEbBHN67ZhxnMQrDIZ18A,application/pdf,20200707004815,20210822232900,3,1
https://www.epicentro.iss.it/coronavirus/bollettino/Report-COVID-2019_25_giugno.pdf,application/pdf,20200627163636,20220224053742,48,3
https://www.epicentro.iss.it/coronavirus/bollettino/Report-COVID-2019_25_novembre.pdf,application/pdf,20201127155113,20210305103907,21,1
https://www.epicentro.iss.it/coronavirus/bollettino/Report-COVID-2019_26_marzo.pdf,application/pdf,20200327173832,20220426192935,744,2
https://www.epicentro.iss.it/coronavirus/bollettino/Report-COVID-2019_26_marzo_eng.pdf,application/pdf,20200327173832,20220428221315,833,4
https://www.epicentro.iss.it/coronavirus/bollettino/Report-COVID-2019_26_marzo_eng.pdf%3E,text/html,20200707205301,20200707205301,1,1
https://www.epicentro.iss.it/coronavirus/bollettino/Report-COVID-2019_26_marzo_eng.pdf?mod=article_inline,application/pdf,20200406200936,20210216100446,2,1
https://www.epicentro.iss.it/coronavirus/bollettino/Report-COVID-2019_27_gennaio_2021.pdf,application/pdf,20210130173637,20210305081333,37,2
https://www.epicentro.iss.it/coronavirus/bollettino/Report-COVID-2019_27_gennaio_2021.pdf?fbclid=IwAR0cikDF5SlUj_SNjZ4U7iBkdv7d5ZM48zuk8QevUM94goudwYzcjNWBZdI,application/pdf,20210205235214,20210205235214,1,1
https://www.epicentro.iss.it/coronavirus/bollettino/Report-COVID-2019_28_aprile_2021.pdf,application/pdf,20210505073955,20220527112857,86,1
https://www.epicentro.iss.it/coronavirus/bollettino/Report-COVID-2019_28_maggio.pdf,application/pdf,20200529163545,20200709175133,12,1
https://www.epicentro.iss.it/coronavirus/bollettino/Report-COVID-2019_28_marzo.pdf,text/html,20220225212713,20220225212713,1,1
https://www.epicentro.iss.it/coronavirus/bollettino/Report-COVID-2019_28_ottobre.pdf,application/pdf,20201031072809,20220129233411,61,2
https://www.epicentro.iss.it/coronavirus/bollettino/Report-COVID-2019_29_aprile.pdf,application/pdf,20200430183223,20200921085749,34,1
https://www.epicentro.iss.it/coronavirus/bollettino/Report-COVID-2019_2_aprile.pdf,application/pdf,20200403202012,20210125074949,20,3
http://www.epicentro.iss.it/coronavirus/bollettino/Report-COVID-2019_2_aprile_eng.pdf,unk,20220623114211,20220623114211,1,1
http://www.epicentro.iss.it/coronavirus/bollettino/Report-COVID-2019_2_aprile_eng.pdf.,unk,20220623114307,20220623114307,1,1
https://www.epicentro.iss.it/coronavirus/bollettino/Report-COVID-2019_2_dicembre.pdf,application/pdf,20201205173753,20210117100008,28,1
https://www.epicentro.iss.it/coronavirus/bollettino/Report-COVID-2019_30_marzo.pdf,application/pdf,20200331163628,20211103082656,28,2
https://www.epicentro.iss.it/coronavirus/bollettino/Report-COVID-2019_30_marzo_2021.pdf,application/pdf,20210402081955,20210509190407,34,1
https://www.epicentro.iss.it/coronavirus/bollettino/Report-COVID-2019_30_marzo_eng.pdf,application/pdf,20200331163628,20220428221309,62,2
https://www.epicentro.iss.it/coronavirus/bollettino/Report-COVID-2019_4_giugno.pdf,application/pdf,20200606234612,20210823194201,18,1
https://www.epicentro.iss.it/coronavirus/bollettino/Report-COVID-2019_4_novembre.pdf,application/pdf,20201106173656,20201113073328,22,1
https://www.epicentro.iss.it/coronavirus/bollettino/Report-COVID-2019_4_ottobre.pdf,application/pdf,20201008072044,20210120070816,41,2
https://www.epicentro.iss.it/coronavirus/bollettino/Report-COVID-2019_5_ottobre_2021.pdf,application/pdf,20211020130053,20220314061914,108,3
https://www.epicentro.iss.it/coronavirus/bollettino/Report-COVID-2019_6_aprile.pdf,application/pdf,20200407163543,20220324041927,25,1
https://www.epicentro.iss.it/coronavirus/bollettino/Report-COVID-2019_7_maggio.pdf,application/pdf,20200508163540,20220328043920,29,1
https://www.epicentro.iss.it/coronavirus/bollettino/Report-COVID-2019_7_settembre.pdf,application/pdf,20200908163641,20220328092904,48,1
https://www.epicentro.iss.it/coronavirus/bollettino/Report-COVID-2019_9_aprile.pdf,application/pdf,20200410163551,20200927040528,22,1
https://www.epicentro.iss.it/coronavirus/bollettino/Report-COVID-2019_9_dicembre.pdf,application/pdf,20201212173634,20210102225351,29,1
https://www.epicentro.iss.it/coronavirus/bollettino/Report-COVID-2019_9_luglio.pdf,application/pdf,20200710163549,20201031144613,34,1
https://www.epicentro.iss.it/coronavirus/bollettino/Report-OVID-17_marzopdf,text/html,20200905045743,20200905045743,1,1
https://www.epicentro.iss.it/coronavirus/bollettino/Report-SARSCOV-2_30_marzo.pdf,text/html,20200827195222,20200827195222,1,1
https://www.epicentro.iss.it/coronavirus/bollettino/ReportCOVI2019_20_marzo_eng.pdf,text/html,20200412142132,20200414060145,2,1
https://www.epicentro.iss.it/coronavirus/bollettino/ReportCOVID-2019_17_marzo-v2.pdf,text/html,20200722110031,20200722110031,1,1
https://www.epicentro.iss.it/coronavirus/bollettino/text/,warc/revisit,20200316010412,20200516003317,3,2
https://www.epicentro.iss.it/coronavirus/bollettino/text/gtm.js,warc/revisit,20200516003650,20200516003650,1,1
https://www.epicentro.iss.it/coronavirus/bollettino/text/gtm.start,warc/revisit,20200516003545,20200516003545,1,1
